{
  "alpha": 0.7,
  "beta": 0.30000000000000004,
  "threshold": 0.2896214363363321,
  "cca_min": 0.05789288505911827,
  "cca_max": 3.018582344055176,
  "ccb_min": 0.5,
  "ccb_max": 5.0,
  "val_auc": 0.9538303747605021,
  "val_f1": 0.9411847972255645,
  "val_o_ratio": 0.888903743315508
}